GEO_ID,id_Fix,NAME,percent_Rent,percent_Own,Rent_MOE,Own_MOE
id,id_Fix,Geographic Area Name,percent_Rent,percent_Own,Rent_MOE,Own_MOE
0500000US16027,16027,"Canyon County, Idaho",31.05992498,68.94007502,1.331493939,1.339244195
0500000US16075,16075,"Payette County, Idaho",24.59235824,75.40764176,3.334144561,3.309807739
0500000US16087,16087,"Washington County, Idaho",27.02078522,72.97921478,3.566846292,3.900436233
0500000US41045,41045,"Malheur County, Oregon",39.57010259,60.42989741,3.087445042,2.950659502
